uuidObjectType;uuidObject;description;iso
ebe0b9fc-658f-4f37-9207-400edd255438;8126f1cc-68e0-4a12-93da-526afebe3c9e;Afghanistan;AFG
ebe0b9fc-658f-4f37-9207-400edd255438;074c6ade-b7a3-434f-bde7-a30548835508;Albania;ALB
ebe0b9fc-658f-4f37-9207-400edd255438;cff37715-6ea5-438d-9cb7-8953f858dd29;Algeria;DZA
ebe0b9fc-658f-4f37-9207-400edd255438;3c3a9d27-178b-41f2-8d1d-476652237fd2;Andorra;AND
ebe0b9fc-658f-4f37-9207-400edd255438;e0cf4818-2443-43fd-80c6-23bf4ab26b51;Angola;AGO
ebe0b9fc-658f-4f37-9207-400edd255438;69b53c4a-a241-466f-ad2c-4bdaa80032d9;AntiguaandBarbuda;ATG
ebe0b9fc-658f-4f37-9207-400edd255438;ebd3caf7-6b03-46ee-acfd-5d94e528d159;Armenia;ARM
ebe0b9fc-658f-4f37-9207-400edd255438;1e7f1c09-8bb8-4397-81cf-c643689f080f;Azerbaijan;AZE
ebe0b9fc-658f-4f37-9207-400edd255438;a20966c0-2e68-4e53-ae47-bdb331dcd76c;Bahamas;BHS
ebe0b9fc-658f-4f37-9207-400edd255438;0c9cf7c4-cbdf-4efb-a32c-66c72b5aa2b0;Bahrain;BHR
ebe0b9fc-658f-4f37-9207-400edd255438;0a25ecd8-f337-4036-9459-5147944ad57f;Bangladesh;BGD
ebe0b9fc-658f-4f37-9207-400edd255438;b7c155a6-5160-4a35-b765-46efcc460465;Barbados;BRB
ebe0b9fc-658f-4f37-9207-400edd255438;c78e53cf-70e3-415e-9bf8-e03a559aaa9e;Belarus;BLR
ebe0b9fc-658f-4f37-9207-400edd255438;64383743-7db8-434d-9a16-2f0228dbc1ca;Belize;BLZ
ebe0b9fc-658f-4f37-9207-400edd255438;f34d4bb9-cffd-4b07-9b9c-c487dd278e0a;Benin;BEN
ebe0b9fc-658f-4f37-9207-400edd255438;ac038f05-b80a-4a60-877c-be185c3d7eed;Bhutan;BTN
ebe0b9fc-658f-4f37-9207-400edd255438;d6fa18cc-917f-4732-8a97-52f5ecb6f4e9;Bolivia;BOL
ebe0b9fc-658f-4f37-9207-400edd255438;2fa19909-2721-47af-8d62-2194166dfbc9;BosniaandHerzegovina;BIH
ebe0b9fc-658f-4f37-9207-400edd255438;a37202a4-51c5-4543-9883-cd4e236d9f5a;Botswana;BWA
ebe0b9fc-658f-4f37-9207-400edd255438;d54d201c-bbad-4490-aed2-4b5679b99f24;Brazil;BRA
ebe0b9fc-658f-4f37-9207-400edd255438;666c627d-2131-474d-9790-1a53932acdda;Brunei;BRN
ebe0b9fc-658f-4f37-9207-400edd255438;d2e675b4-8e0d-4e83-a302-260753c8889b;Bulgaria;BGR
ebe0b9fc-658f-4f37-9207-400edd255438;7ad88bf2-e846-4bfc-acfc-306e149c5cb5;BurkinaFaso;BFA
ebe0b9fc-658f-4f37-9207-400edd255438;80fa4231-047f-4217-aa76-65c8c9b7d6be;Burundi;BDI
ebe0b9fc-658f-4f37-9207-400edd255438;db5a3701-5a93-4441-99d7-637e66237521;CaboVerde;CPV
ebe0b9fc-658f-4f37-9207-400edd255438;663aacdd-1e60-4d90-988b-69fda2cbce47;Cambodia;KHM
ebe0b9fc-658f-4f37-9207-400edd255438;bb238105-952a-496f-99c6-3965ce10b216;Cameroon;CMR
ebe0b9fc-658f-4f37-9207-400edd255438;29e77ee2-eed8-4c29-b21a-5e3af1818d08;Canada;CAN
ebe0b9fc-658f-4f37-9207-400edd255438;e8a2306b-49fb-4422-97a8-748a476516ad;CentralAfricanRepublic;CAF
ebe0b9fc-658f-4f37-9207-400edd255438;964f4565-a93d-4f32-9d52-198d895488ce;Chad;TCD
ebe0b9fc-658f-4f37-9207-400edd255438;2af3689f-2218-4f6b-a8b7-fe7bbde32e61;Chile;CHL
ebe0b9fc-658f-4f37-9207-400edd255438;265578df-3f74-4e8b-aa04-618eab50223a;Colombia;COL
ebe0b9fc-658f-4f37-9207-400edd255438;b35ce4f5-2495-4199-8c8d-749517ec99a8;Comoros;COM
ebe0b9fc-658f-4f37-9207-400edd255438;59af5c2c-0be8-4a80-b050-a1c200b61eea;Congo(Brazzaville);COG
ebe0b9fc-658f-4f37-9207-400edd255438;aa9adaf1-f53e-41e7-8117-80a79d6992f5;Congo(Kinshasa);COD
ebe0b9fc-658f-4f37-9207-400edd255438;4de5e71a-db66-4551-b570-7abf5e3a2f8e;CostaRica;CRI
ebe0b9fc-658f-4f37-9207-400edd255438;b5afdadf-9cd7-4364-8558-b04999698b54;Coted'Ivoire;CIV
ebe0b9fc-658f-4f37-9207-400edd255438;a8ecd2e7-9b09-4c22-9ed1-7e93ba6bbacb;Croatia;HRV
ebe0b9fc-658f-4f37-9207-400edd255438;c268b3b9-4362-4643-b61d-f2546e4eaec9;Cuba;CUB
ebe0b9fc-658f-4f37-9207-400edd255438;58ab5c2b-51c3-4442-957f-3b61e822080a;Cyprus;CYP
ebe0b9fc-658f-4f37-9207-400edd255438;7739128e-2a65-4e63-973b-631e4b3d7e8c;Czechia;CZE
ebe0b9fc-658f-4f37-9207-400edd255438;dfcaee82-93ba-44c0-8bdd-78e6f9cb9e8d;Denmark;DNK
ebe0b9fc-658f-4f37-9207-400edd255438;47ae4f47-fccf-4b6d-bd20-60464bdd3e0c;Djibouti;DJI
ebe0b9fc-658f-4f37-9207-400edd255438;52bd0d4c-6895-4fea-a66e-ebc5fd1d0bc0;Dominica;DMA
ebe0b9fc-658f-4f37-9207-400edd255438;4747edb1-5bb0-40de-b4a8-39a843e5fa9c;DominicanRepublic;DOM
ebe0b9fc-658f-4f37-9207-400edd255438;00a097a4-b164-4fc8-b194-cdf2a2bc0adc;Ecuador;ECU
ebe0b9fc-658f-4f37-9207-400edd255438;f4559fb7-0a4e-4eac-9e71-39b01c1a1afe;Egypt;EGY
ebe0b9fc-658f-4f37-9207-400edd255438;d444c2f1-db65-4969-b23f-b248a51a0cb6;ElSalvador;SLV
ebe0b9fc-658f-4f37-9207-400edd255438;c7819dfe-7dc3-4dd0-a937-18cdbadb3c8a;EquatorialGuinea;GNQ
ebe0b9fc-658f-4f37-9207-400edd255438;1d88a325-9178-41bf-9da7-0bd34b5c9caa;Eritrea;ERI
ebe0b9fc-658f-4f37-9207-400edd255438;62437a5f-2b79-490e-929b-19d4d335bc7b;Estonia;EST
ebe0b9fc-658f-4f37-9207-400edd255438;84b0fa48-a404-4fee-9f94-e9b1ad1d7b71;Eswatini;SWZ
ebe0b9fc-658f-4f37-9207-400edd255438;a6b1510c-03f9-495a-8053-c8285414a43c;Ethiopia;ETH
ebe0b9fc-658f-4f37-9207-400edd255438;5edb8f95-559f-4ab0-945f-45ccd0d5ef3d;Fiji;FJI
ebe0b9fc-658f-4f37-9207-400edd255438;4788d889-746e-4626-8ba6-92992bdb8486;Finland;FIN
ebe0b9fc-658f-4f37-9207-400edd255438;eb6a96a6-102c-405a-97a1-aa147c576510;France;FRA
ebe0b9fc-658f-4f37-9207-400edd255438;7ef54897-4fee-4dcb-a892-cfb5f1cb79c3;FrenchGuiana_France;GUF
ebe0b9fc-658f-4f37-9207-400edd255438;c8fa894c-436e-4370-bcea-bff8f33f5899;Gabon;GAB
ebe0b9fc-658f-4f37-9207-400edd255438;df22f1e2-9431-496d-af8b-a07a86026430;Gambia;GMB
ebe0b9fc-658f-4f37-9207-400edd255438;eb4ef3b1-5423-4801-9062-0721c46a4113;Georgia;GEO
ebe0b9fc-658f-4f37-9207-400edd255438;a507d861-4051-4d2d-8689-5fb30e1afa2b;Ghana;GHA
ebe0b9fc-658f-4f37-9207-400edd255438;c823a1e0-cee8-480b-ae1c-0bbb2e48b81c;Greenland_Denmark;GRL
ebe0b9fc-658f-4f37-9207-400edd255438;e4dccb2e-2371-4f4b-9bd0-8d83d9544c8c;Grenada;GRD
ebe0b9fc-658f-4f37-9207-400edd255438;9cb7f124-eee4-4144-a7e4-bdc63404db72;Guadeloupe_France;GLP
ebe0b9fc-658f-4f37-9207-400edd255438;cc73c8da-5f3b-4b7d-80d7-2962ba79ad80;Guam;GUM
ebe0b9fc-658f-4f37-9207-400edd255438;ec4d9bb2-9aa4-4d3a-83be-1cd0cbdffb05;Guatemala;GTM
ebe0b9fc-658f-4f37-9207-400edd255438;317b7420-e096-4b01-9a4c-a0bb330b178b;Guinea;GIN
ebe0b9fc-658f-4f37-9207-400edd255438;7a49334d-c242-45c3-a612-135607993fdc;Guinea-Bissau;GNB
ebe0b9fc-658f-4f37-9207-400edd255438;9b71ef73-246a-4caa-a615-42dc5fbb7117;Guyana;GUY
ebe0b9fc-658f-4f37-9207-400edd255438;07133bcb-23e3-4e31-b86d-13a2458df7a1;Haiti;HTI
ebe0b9fc-658f-4f37-9207-400edd255438;7e974d1b-6483-480c-abb7-48f4dbc90fac;HolySee;VAT
ebe0b9fc-658f-4f37-9207-400edd255438;5750fb96-0d69-4cbd-9f44-8e569568d7c4;Honduras;HND
ebe0b9fc-658f-4f37-9207-400edd255438;c30065d1-e7d0-4d98-90f3-4674e2a8cdaf;Iceland;ISL
ebe0b9fc-658f-4f37-9207-400edd255438;dc88cb15-2ebb-467d-8bcf-d4676f225eb9;India;IND
ebe0b9fc-658f-4f37-9207-400edd255438;71ed5603-859e-4ada-9879-90c1d10948d9;Indonesia;IDN
ebe0b9fc-658f-4f37-9207-400edd255438;b1a25246-e4ce-4da2-9a00-a490240f0ecd;Iraq;IRQ
ebe0b9fc-658f-4f37-9207-400edd255438;62d3bfae-ddb5-4450-9e1c-3cb008a7ec02;Ireland;IRL
ebe0b9fc-658f-4f37-9207-400edd255438;a04a88cf-442b-4ad2-83d4-4a058c961812;Israel;ISR
ebe0b9fc-658f-4f37-9207-400edd255438;7c045114-fd20-4437-9fc7-62c8d7aa48f5;Jamaica;JAM
ebe0b9fc-658f-4f37-9207-400edd255438;25abdfb9-6929-4ecf-8600-f2a44b69e74f;Japan;JPN
ebe0b9fc-658f-4f37-9207-400edd255438;cf202e73-cf1b-4587-b110-b7bff2dd3315;Jordan;JOR
ebe0b9fc-658f-4f37-9207-400edd255438;22f8ea81-4a26-4e5f-a841-c955a4b68135;Kazakhstan;KAZ
ebe0b9fc-658f-4f37-9207-400edd255438;f1bdb54b-af38-4064-9164-7b916787dc4b;Kenya;KEN
ebe0b9fc-658f-4f37-9207-400edd255438;cdb7493b-290d-4882-8b83-2ac2ff01b28d;Kosovo;OWID_KOS
ebe0b9fc-658f-4f37-9207-400edd255438;450c7328-db8d-44dc-9773-f136c6d88410;Kuwait;KWT
ebe0b9fc-658f-4f37-9207-400edd255438;b07a90d9-53e3-43cd-b45b-f8169c6df035;Kyrgyzstan;KGZ
ebe0b9fc-658f-4f37-9207-400edd255438;65f8d5c3-1c19-46ea-b281-1ba1cf39aeb1;Laos;LAO
ebe0b9fc-658f-4f37-9207-400edd255438;3c5eb91a-9442-4de3-b36e-b88c6901a58b;Latvia;LVA
ebe0b9fc-658f-4f37-9207-400edd255438;e3bf5677-4f92-4e02-90f0-f535cab14592;Lebanon;LBN
ebe0b9fc-658f-4f37-9207-400edd255438;c42a8a92-1dd8-4321-91f1-e93d68a26e50;Lesotho;LSO
ebe0b9fc-658f-4f37-9207-400edd255438;4df0230e-0b6d-4f67-8c2f-e09460d19312;Liberia;LBR
ebe0b9fc-658f-4f37-9207-400edd255438;cf6fa56f-9721-4b56-871b-1fb1f627b80e;Libya;LBY
ebe0b9fc-658f-4f37-9207-400edd255438;4e07b4b0-f370-4b6d-89f1-5e2e561a7fa4;Liechtenstein;LIE
ebe0b9fc-658f-4f37-9207-400edd255438;01337c95-4f6c-488e-8bfc-6ce9c6c47517;Lithuania;LTU
ebe0b9fc-658f-4f37-9207-400edd255438;728df93e-a488-4716-96ac-64fbafd74afc;Luxembourg;LUX
ebe0b9fc-658f-4f37-9207-400edd255438;476564a5-4083-4701-a177-88f0095dfaa8;Macau_China;MAC
ebe0b9fc-658f-4f37-9207-400edd255438;0edea784-3722-4101-aecd-bfe7f84de328;Madagascar;MDG
ebe0b9fc-658f-4f37-9207-400edd255438;b8655e3d-7959-43e8-a197-fbd548730541;Malawi;MWI
ebe0b9fc-658f-4f37-9207-400edd255438;dca00607-cde4-45cf-9ad0-10fb07cafd63;Malaysia;MYS
ebe0b9fc-658f-4f37-9207-400edd255438;47c3fd3d-0c7c-47f7-80ba-c0cd3d7d9c9b;Maldives;MDV
ebe0b9fc-658f-4f37-9207-400edd255438;14e5bcd1-c758-46ef-b67e-68a368b312c4;Mali;MLI
ebe0b9fc-658f-4f37-9207-400edd255438;f0e6495c-2e92-4b16-a2cb-1aece385de83;Martinique_France;MTQ
ebe0b9fc-658f-4f37-9207-400edd255438;82fcd26d-f7ed-4888-9b13-6041e9dcded4;Mauritania;MRT
ebe0b9fc-658f-4f37-9207-400edd255438;beed0f65-0a51-4bda-be58-12f41b790477;Mauritius;MUS
ebe0b9fc-658f-4f37-9207-400edd255438;2818e59b-b2a6-4c35-970c-61969bca293c;Mayotte_France;MYT
ebe0b9fc-658f-4f37-9207-400edd255438;c813d05d-5cb5-476f-a221-5144a87bda6a;MetropolitanFrance;
ebe0b9fc-658f-4f37-9207-400edd255438;bb32db10-96cc-403e-9431-d0dd517bdf8a;MetropolitanFrance_France;
ebe0b9fc-658f-4f37-9207-400edd255438;64b1f1bb-1736-4653-8c87-b27d7461dfeb;Mexico;MEX
ebe0b9fc-658f-4f37-9207-400edd255438;fdd01891-3a5b-4666-b1db-c1331ee57783;Moldova;MDA
ebe0b9fc-658f-4f37-9207-400edd255438;23c770b6-02a8-49e7-a351-9ec8345a7e27;Monaco;MCO
ebe0b9fc-658f-4f37-9207-400edd255438;7a60e5b0-cb3f-43c4-9f24-cb48e85a06d3;Mongolia;MNG
ebe0b9fc-658f-4f37-9207-400edd255438;5a40708d-f85d-4d01-b663-3786418a92e9;Montenegro;MNE
ebe0b9fc-658f-4f37-9207-400edd255438;38aa28ac-f491-469e-9f25-98c1453ed96e;Morocco;MAR
ebe0b9fc-658f-4f37-9207-400edd255438;9ca5123b-616d-44d2-a850-48a1057b91e1;Mozambique;MOZ
ebe0b9fc-658f-4f37-9207-400edd255438;286e0fca-5b2e-4e21-ac60-a3059acfcfbd;Myanmar;MMR
ebe0b9fc-658f-4f37-9207-400edd255438;d9af5532-207d-4fdf-89f4-10ffed4e4e27;Namibia;NAM
ebe0b9fc-658f-4f37-9207-400edd255438;568dec2e-553f-4282-87a6-acaa514019e0;Nepal;NPL
ebe0b9fc-658f-4f37-9207-400edd255438;c82e7d0a-79ce-494f-97ef-b63197a4baf1;Netherlands;NLD
ebe0b9fc-658f-4f37-9207-400edd255438;a7ec8574-0ab7-4dbe-857c-b4df535adaa0;NewZealand;NZL
ebe0b9fc-658f-4f37-9207-400edd255438;5a7a0ec9-824f-4e39-8285-39cec25be760;Nicaragua;NIC
ebe0b9fc-658f-4f37-9207-400edd255438;8a8f261f-ddd8-46e5-93c2-ce2c3a02400a;Niger;NER
ebe0b9fc-658f-4f37-9207-400edd255438;6365431d-a843-4aa7-8386-e7a10e7ebe48;Nigeria;NGA
ebe0b9fc-658f-4f37-9207-400edd255438;2c51f9e7-8c0b-4811-8733-59f2f5b2a68c;NorthMacedonia;MKD
ebe0b9fc-658f-4f37-9207-400edd255438;31e649fa-81a2-4d88-886a-2d946a48022d;NorthernMarianaIslands;MNP
ebe0b9fc-658f-4f37-9207-400edd255438;3a6e986a-d97f-4ac2-9f1a-2bbe5cb7532c;Norway;NOR
ebe0b9fc-658f-4f37-9207-400edd255438;60db356d-d631-438b-9bfe-5f50b795a3ce;Oman;OMN
ebe0b9fc-658f-4f37-9207-400edd255438;6cf8b9d2-eae3-4f54-9a75-33db07b09dc4;Panama;PAN
ebe0b9fc-658f-4f37-9207-400edd255438;0251f213-8104-4cb6-959a-ad230c83c1ac;PapuaNewGuinea;PNG
ebe0b9fc-658f-4f37-9207-400edd255438;b2feb9bb-1310-4356-a3f7-2761e7265fd2;Paraguay;PRY
ebe0b9fc-658f-4f37-9207-400edd255438;39628007-840d-4402-b4e3-1100da315d78;Peru;PER
ebe0b9fc-658f-4f37-9207-400edd255438;a803fcc9-761a-44fa-b388-ee1ab37f9de8;Philippines;PHL
ebe0b9fc-658f-4f37-9207-400edd255438;d5a7dbfb-6baa-4417-b624-ded024cd65ed;Poland;POL
ebe0b9fc-658f-4f37-9207-400edd255438;d98464dd-5f39-4552-9e6d-a6f10fd86fe8;PuertoRico;PRI
ebe0b9fc-658f-4f37-9207-400edd255438;0698957d-e87f-4eb8-a47b-54963339412d;Qatar;QAT
ebe0b9fc-658f-4f37-9207-400edd255438;1af5392b-d3ea-41a2-9af5-87ba6b72b8fb;Reunion_France;REU
ebe0b9fc-658f-4f37-9207-400edd255438;46696a94-cc5e-49ea-a4e8-517601357b08;Romania;ROU
ebe0b9fc-658f-4f37-9207-400edd255438;3a9e3cdd-0784-43e8-afef-8b849e84befb;Russia;RUS
ebe0b9fc-658f-4f37-9207-400edd255438;fcef4937-d0f4-4b86-8ce0-29936011d344;Rwanda;RWA
ebe0b9fc-658f-4f37-9207-400edd255438;96b61961-d6a0-4ec0-a0a7-a9c19fe142e5;SaintKittsandNevis;KNA
ebe0b9fc-658f-4f37-9207-400edd255438;00dee2cc-3e52-43a8-8f86-79d425565491;SaintLucia;LCA
ebe0b9fc-658f-4f37-9207-400edd255438;a97347df-9bae-4c55-8b8d-5d56d3d94efe;SaintVincentandtheGrenadines;VCT
ebe0b9fc-658f-4f37-9207-400edd255438;666ba88c-cb98-4323-8e9a-855902901802;SanMarino;SMR
ebe0b9fc-658f-4f37-9207-400edd255438;3ddd24bd-cfe1-41aa-86dc-bf482874ec12;SaoTomeandPrincipe;
ebe0b9fc-658f-4f37-9207-400edd255438;0a9d40cb-fb3a-414f-a754-826d7eeeaa6b;Senegal;SEN
ebe0b9fc-658f-4f37-9207-400edd255438;976d6403-a4da-40df-b5a7-804181adc989;Serbia;SRB
ebe0b9fc-658f-4f37-9207-400edd255438;88851f47-553e-45d1-8602-5a00b85e1829;Seychelles;SYC
ebe0b9fc-658f-4f37-9207-400edd255438;3fd4e51e-1a99-48d5-95ed-abd339a1f8b4;SierraLeone;SLE
ebe0b9fc-658f-4f37-9207-400edd255438;ad438d09-ca75-4bdd-8d9d-1e1591df9bbe;Slovakia;SVK
ebe0b9fc-658f-4f37-9207-400edd255438;b8b9de9b-c0af-4b2f-b0d0-36e66b74c43c;Slovenia;SVN
ebe0b9fc-658f-4f37-9207-400edd255438;ecbde44b-ee0a-450b-bc5c-4023cff484a5;Somalia;SOM
ebe0b9fc-658f-4f37-9207-400edd255438;28f18547-e209-4aeb-8e77-fdeb9a159002;SouthAfrica;ZAF
ebe0b9fc-658f-4f37-9207-400edd255438;60e3baba-7b9f-4c6b-935a-a4522963ebfd;SouthSudan;SSD
ebe0b9fc-658f-4f37-9207-400edd255438;c0c0f97c-6f00-42fa-835f-c1b95a01c6b0;SriLanka;LKA
ebe0b9fc-658f-4f37-9207-400edd255438;3968a106-c79c-42d7-b1eb-060427210078;Sudan;SDN
ebe0b9fc-658f-4f37-9207-400edd255438;53189eb7-96eb-4f9a-8903-97328df0ffce;Suriname;SUR
ebe0b9fc-658f-4f37-9207-400edd255438;fc8fb84c-5d96-4d0c-b647-9c00331907cb;Sweden;SWE
ebe0b9fc-658f-4f37-9207-400edd255438;bfe6b4e8-1a70-4d8f-b37f-54c5a8ec1bc3;Switzerland;CHE
ebe0b9fc-658f-4f37-9207-400edd255438;8a102774-ad89-4ee7-ab15-fd90878c3cc7;Syria;SYR
ebe0b9fc-658f-4f37-9207-400edd255438;3f1d4ab3-fccd-4775-a90e-55f014ead408;SãoToméandPríncipe;
ebe0b9fc-658f-4f37-9207-400edd255438;833d4749-5b94-4ce4-9261-6fb07895cc42;Tajikistan;TJK
ebe0b9fc-658f-4f37-9207-400edd255438;e7effe56-40eb-4859-bb3d-22f5d6fa6934;Tanzania;TZA
ebe0b9fc-658f-4f37-9207-400edd255438;29ce7bc9-43f1-4e8a-8eff-c7e0932a0a31;TheBahamas;BHS
ebe0b9fc-658f-4f37-9207-400edd255438;e855c6e5-f1ac-4cdb-a056-6da46be02026;Timor-Leste;TLS
ebe0b9fc-658f-4f37-9207-400edd255438;9340713e-1aba-4dbc-80da-0cf453660ac3;Togo;TGO
ebe0b9fc-658f-4f37-9207-400edd255438;df1a3c7d-831c-485a-8452-93c2aff7971b;TrinidadandTobago;TTO
ebe0b9fc-658f-4f37-9207-400edd255438;4ead1beb-efa8-4c36-bb03-3e0af7263674;Tunisia;TUN
ebe0b9fc-658f-4f37-9207-400edd255438;65c19225-1932-40f3-961f-ad6cd27dc79e;Uganda;UGA
ebe0b9fc-658f-4f37-9207-400edd255438;59f680c4-6a05-45a1-910c-d9ad31df6b84;Ukraine;UKR
ebe0b9fc-658f-4f37-9207-400edd255438;62cf5527-a811-49a9-ba34-2ff16e6aecef;UnitedArabEmirates;ARE
ebe0b9fc-658f-4f37-9207-400edd255438;13105735-11c4-47d4-9092-a626ce3a23ce;UnitedStates;USA
ebe0b9fc-658f-4f37-9207-400edd255438;bf879f4b-6c75-4f4b-95f7-87876f3e3213;Uruguay;URY
ebe0b9fc-658f-4f37-9207-400edd255438;27cde4c2-77c8-4c52-aecc-08fca28409ce;Uzbekistan;UZB
ebe0b9fc-658f-4f37-9207-400edd255438;4105bfe1-9683-408e-b12e-d6e9e59d672e;Venezuela;VEN
ebe0b9fc-658f-4f37-9207-400edd255438;3ed39508-36a1-41c0-931c-97585cb79a7b;Vietnam;VNM
ebe0b9fc-658f-4f37-9207-400edd255438;a187314b-77a4-4024-b47c-cabe5a850bb6;VirginIslands_UnitedStates;VIR
ebe0b9fc-658f-4f37-9207-400edd255438;f94255e5-17a2-426b-ae1c-c3af7cd3409e;WestBankandGaza;
ebe0b9fc-658f-4f37-9207-400edd255438;c947bfc2-0e4b-4074-8512-9cd2d64005be;WesternSahara;ESH
ebe0b9fc-658f-4f37-9207-400edd255438;05d35361-5a86-48e1-abaf-28f2e5ef7b74;Yemen;YEM
ebe0b9fc-658f-4f37-9207-400edd255438;64a102a8-5558-4b2f-8962-3c4e0947d8d8;Zambia;ZMB
ebe0b9fc-658f-4f37-9207-400edd255438;b1c8106b-0a3f-4386-a20f-23ec25f61d13;Zimbabwe;ZWE
ebe0b9fc-658f-4f37-9207-400edd255438;dd2b305e-e46b-4546-98c8-5eeb4783ce56;Germany;DEU
7fc681f0-a507-4b84-857f-00b4ae9d24ed;8928db67-515f-4683-82cd-8cd3b3d5c2d2;Alabama_UnitedStates;
7fc681f0-a507-4b84-857f-00b4ae9d24ed;0f6724b6-f3c8-4805-899c-c11e4fe2e9ec;Alaska_UnitedStates;
7fc681f0-a507-4b84-857f-00b4ae9d24ed;ed936c90-ee12-4bcf-ab77-49db8cab20ec;AmericanSamoa_UnitedStates;
7fc681f0-a507-4b84-857f-00b4ae9d24ed;9112cc99-b7a7-476b-b038-11d0d14a4e5c;Arizona_UnitedStates;
7fc681f0-a507-4b84-857f-00b4ae9d24ed;eda823f0-0e12-4e43-8144-762b8548c568;Colorado_UnitedStates;
7fc681f0-a507-4b84-857f-00b4ae9d24ed;e1fb55fb-aaa1-4d31-9f87-4c84377c7c3e;Connecticut_UnitedStates;
7fc681f0-a507-4b84-857f-00b4ae9d24ed;b591a861-5cff-4e21-b86c-d2d4032e3cc3;Delaware_UnitedStates;
7fc681f0-a507-4b84-857f-00b4ae9d24ed;5635adbf-0006-43bc-ae26-6379a6d497ba;DistrictofColumbia_UnitedStates;
7fc681f0-a507-4b84-857f-00b4ae9d24ed;6998b1bb-a710-493f-82b2-fdf1947bfacd;Guam_UnitedStates;
7fc681f0-a507-4b84-857f-00b4ae9d24ed;bc6f39d6-56ef-4c2b-a460-7cd3894d0ea3;Hawaii_UnitedStates;
7fc681f0-a507-4b84-857f-00b4ae9d24ed;88f377cf-88d1-4418-8e6f-3576c4363d97;Idaho_UnitedStates;
7fc681f0-a507-4b84-857f-00b4ae9d24ed;57ed6dde-8699-4d23-b037-61f21a0048cf;Illinois_UnitedStates;
7fc681f0-a507-4b84-857f-00b4ae9d24ed;7f9098d6-62ef-4790-a86b-f66f49c359bd;Indiana_UnitedStates;
7fc681f0-a507-4b84-857f-00b4ae9d24ed;ef5e145d-2419-43bf-8ab9-99a02607b506;Iowa_UnitedStates;
7fc681f0-a507-4b84-857f-00b4ae9d24ed;c893a214-914c-401c-b2af-f3938fd3a671;Kansas_UnitedStates;
7fc681f0-a507-4b84-857f-00b4ae9d24ed;99b059de-03d9-4b3a-ab47-cfad88daeccf;Kentucky_UnitedStates;
7fc681f0-a507-4b84-857f-00b4ae9d24ed;1b1053de-5bbc-40c7-98d1-68b1ec013b2f;Louisiana_UnitedStates;
7fc681f0-a507-4b84-857f-00b4ae9d24ed;a818e041-295d-4f5e-b0e2-12b6f6cc2ebd;Maine_UnitedStates;
7fc681f0-a507-4b84-857f-00b4ae9d24ed;4f12760b-5e39-4ae5-9844-00d30595f1cb;Maryland_UnitedStates;
7fc681f0-a507-4b84-857f-00b4ae9d24ed;a4324b84-2f65-414f-87b1-9b0e0ece09e5;Massachusetts_UnitedStates;
7fc681f0-a507-4b84-857f-00b4ae9d24ed;842d8a73-716f-4503-b717-4ad8deb1831c;Michigan_UnitedStates;
7fc681f0-a507-4b84-857f-00b4ae9d24ed;85ffea67-7de4-4678-8850-adecc6068622;Minnesota_UnitedStates;
7fc681f0-a507-4b84-857f-00b4ae9d24ed;8bf51633-4f8f-4dce-87e9-43ca947fdfff;Mississippi_UnitedStates;
7fc681f0-a507-4b84-857f-00b4ae9d24ed;4e8bff13-9c33-4a5d-8388-c99569dab18f;Missouri_UnitedStates;
7fc681f0-a507-4b84-857f-00b4ae9d24ed;9f4b4b1a-3105-4e51-b1c1-b4aee154e067;Montana_UnitedStates;
7fc681f0-a507-4b84-857f-00b4ae9d24ed;665d0498-fa8f-4172-9e28-9d1c6f83e0df;Nebraska_UnitedStates;
7fc681f0-a507-4b84-857f-00b4ae9d24ed;60272373-bbe8-49ab-9d8b-47dcf42984e8;Nevada_UnitedStates;
7fc681f0-a507-4b84-857f-00b4ae9d24ed;701a6a5b-8800-441d-a428-0b71e2d3ea28;NewHampshire_UnitedStates;
7fc681f0-a507-4b84-857f-00b4ae9d24ed;b52ab7ed-564d-462f-85cf-69d3c5cf200e;NewMexico_UnitedStates;
7fc681f0-a507-4b84-857f-00b4ae9d24ed;2a3731fa-4172-4691-94cc-e4d990cba841;NorthCarolina_UnitedStates;
7fc681f0-a507-4b84-857f-00b4ae9d24ed;d9eaaba5-4c61-4dcd-a4bd-fa8a42826aa2;NorthDakota_UnitedStates;
7fc681f0-a507-4b84-857f-00b4ae9d24ed;3bba2e7a-56d7-4536-86db-502f0ab1cf6b;NorthernMarianaIslands_UnitedStates;
7fc681f0-a507-4b84-857f-00b4ae9d24ed;a799eec2-8c0d-4afb-99f9-489ec0ea389f;Oregon_UnitedStates;
7fc681f0-a507-4b84-857f-00b4ae9d24ed;fac74de1-1254-4c2a-959e-eb39e05018aa;PuertoRico_UnitedStates;
7fc681f0-a507-4b84-857f-00b4ae9d24ed;0f857a8b-1f59-46ea-96ef-c3cfd2799f3d;RhodeIsland_UnitedStates;
7fc681f0-a507-4b84-857f-00b4ae9d24ed;3aa375cd-c393-4d36-87bd-bf44a4336d1b;SouthCarolina_UnitedStates;
7fc681f0-a507-4b84-857f-00b4ae9d24ed;279ac56d-c914-4848-bdfd-9d4347742bc7;SouthDakota_UnitedStates;
7fc681f0-a507-4b84-857f-00b4ae9d24ed;2933f834-b8b1-4e9b-b772-def06037e32c;Tennessee_UnitedStates;
7fc681f0-a507-4b84-857f-00b4ae9d24ed;06fb7d9b-8de0-4fad-9265-9224b7471d64;Texas_UnitedStates;
7fc681f0-a507-4b84-857f-00b4ae9d24ed;cb79738f-0393-4e1b-af2b-e2774aa3eaa7;Utah_UnitedStates;
7fc681f0-a507-4b84-857f-00b4ae9d24ed;96752864-efdd-460e-8a85-7c619e341730;Vermont_UnitedStates;
7fc681f0-a507-4b84-857f-00b4ae9d24ed;b18809c7-c1c9-4b96-bc80-fbd75535235a;Virginia_UnitedStates;
7fc681f0-a507-4b84-857f-00b4ae9d24ed;6381e805-882f-4fc2-b378-4a28265f1abf;Washington,D.C._UnitedStates;
7fc681f0-a507-4b84-857f-00b4ae9d24ed;d48399e3-242a-4a5f-8691-3ba10df53c21;WestVirginia_UnitedStates;
7fc681f0-a507-4b84-857f-00b4ae9d24ed;c1136a92-61d8-4bd7-ab30-1e6d3b9f0f41;Wisconsin_UnitedStates;
7fc681f0-a507-4b84-857f-00b4ae9d24ed;aa2fdf1e-b77d-4466-8a20-ca30909280a6;Wyoming_UnitedStates;
6136c9d8-d0b0-4911-a2a8-f7e83139ce6b;d034b7db-84fa-473b-9654-578cb371a04a;Baden-Wurttemberg_Germany;
6136c9d8-d0b0-4911-a2a8-f7e83139ce6b;8a61f7c2-4ccc-49d8-bc7f-473e7d51a6af;Bavaria_Germany;
6136c9d8-d0b0-4911-a2a8-f7e83139ce6b;5b69ad0c-ef73-4371-8f0b-fff19befbdfa;Brandenburg_Germany;
6136c9d8-d0b0-4911-a2a8-f7e83139ce6b;b76cb356-4c7b-4860-92be-42d1e308f0a6;Bremen_Germany;
6136c9d8-d0b0-4911-a2a8-f7e83139ce6b;1cd99ead-869e-4d57-97b5-bc7d850f1153;Hamburg_Germany;
6136c9d8-d0b0-4911-a2a8-f7e83139ce6b;ffc98a64-8fc6-4bae-8e47-bb4cff1eea14;Hesse_Germany;
6136c9d8-d0b0-4911-a2a8-f7e83139ce6b;2935c40c-281c-459c-b010-a22ab383be25;LowerSaxony_Germany;
6136c9d8-d0b0-4911-a2a8-f7e83139ce6b;54e75973-6081-4be6-9f0e-977c168cebe1;Mecklenburg-Vorpommern_Germany;
6136c9d8-d0b0-4911-a2a8-f7e83139ce6b;5f7791fb-2973-4a1a-9dbf-1654f60f5d71;NorthRhine-Westphalia_Germany;
6136c9d8-d0b0-4911-a2a8-f7e83139ce6b;ef9a123f-1cce-48ed-b33e-0a801c8f6f36;Rhineland-Palatinate_Germany;
6136c9d8-d0b0-4911-a2a8-f7e83139ce6b;09c199fa-ff67-4b21-81c3-dcb3e042fed4;Saarland_Germany;
6136c9d8-d0b0-4911-a2a8-f7e83139ce6b;d051e754-a152-428f-b1db-bf72fc0c01f1;Saxony-Anhalt_Germany;
6136c9d8-d0b0-4911-a2a8-f7e83139ce6b;69c98e08-cdd5-47d9-af4a-eeed9947e782;Saxony_Germany;
6136c9d8-d0b0-4911-a2a8-f7e83139ce6b;6f1ffde4-0574-4b40-8ae0-f04819548934;Schleswig-Holstein_Germany;
6136c9d8-d0b0-4911-a2a8-f7e83139ce6b;b4129d0f-25fd-4f56-a575-55c644be9d83;Thuringia_Germany;
6136c9d8-d0b0-4911-a2a8-f7e83139ce6b;4019adf2-dae5-4032-a5f9-5be77d2e9fa0;Berlin_Germany;
7fc681f0-a507-4b84-857f-00b4ae9d24ed;c3baf17b-6230-4744-9691-2777840ffab2;Arkansas_UnitedStates;
7fc681f0-a507-4b84-857f-00b4ae9d24ed;c2450206-0be8-4ae2-a452-5610fe534a53;California_UnitedStates;
7fc681f0-a507-4b84-857f-00b4ae9d24ed;2ebd29f9-8f39-497a-a3fa-889630c21c1b;Florida_UnitedStates;
7fc681f0-a507-4b84-857f-00b4ae9d24ed;93d33603-71bc-47e6-801e-0774c30bcedf;Georgia_UnitedStates;
7fc681f0-a507-4b84-857f-00b4ae9d24ed;38f7c6f4-557b-49d3-9eed-f2109c0700a1;NewJersey_UnitedStates;
7fc681f0-a507-4b84-857f-00b4ae9d24ed;324bcb6b-3c35-4708-a359-a4a5978a6202;NewYork_UnitedStates;
7fc681f0-a507-4b84-857f-00b4ae9d24ed;d985cffb-800e-41da-bdb6-ee81045abdab;Ohio_UnitedStates;
7fc681f0-a507-4b84-857f-00b4ae9d24ed;ee46f028-0009-4351-9639-313d7bae7537;Oklahoma_UnitedStates;
7fc681f0-a507-4b84-857f-00b4ae9d24ed;29f0eb93-2ae5-4090-b335-65221a0c76e7;Pennsylvania_UnitedStates;
7fc681f0-a507-4b84-857f-00b4ae9d24ed;6381e805-882f-4fc2-b378-4a28265f1abf;Washington_UnitedStates;